Product,Currency,Price,Discount,Comments
Air 31 airpods dual 5.2 Earbuds handfree bluetooth Wireless Earbuds Headphones  I7 Mini Bluetooth Headset Earbud Single Wireless Earphone With Mic Stereo For all phones,Rs.,739, -75%,0
Slique Hair Threading Machine - Facial Hair Removal Makeup Beauty Tool,Rs.,429,0,0
Cute Educational Study ABC Laptop With Educational Learning and Development,Rs.,850, -35%,0
2 in 1 USB C to 3.5mm Headphone and Charger Adapter USB Type C to Aux Jack with PD 60W Fast Charging for iPhone 15 Pro Max Plus,Rs.,"1,741", -50%,0
"Portable Multifunction Storage Bag, Closet Organizer Moving Tote Bag, Reinforced Handles Zippered Organizer, Large Capacity Childbirth Bag",Rs.,248, -41%,0
"Tijarat Online Derma Roller 0.5mm with 540 Micro Needle for Hair Growth and Facial Skin Therapy| Skin Care Beauty Tool for Anti-Aging Skin Repair, Anti Wrinkles Stretch, and Acne Scars Removal for Men and Women",Rs.,164, -59%,0
Watches Set Luxury Rhinestone Women Fashion Elegant Wristwatch Quartz Watch For Girl Ladies Clock Relogio Feminino,Rs.,533, -60%,0
Transparent Computer Glasses Frame Women Men Anti Blue Light Round Glasses Blackout Glasses Optical Glasses Lenses,Rs.,313, -60%,0
Flower Vase Wooden Wall Art For Room Hall Decorating I Wooden Wall Art I Room Decorating Wall Art I Wall Art Designs I New Wall Art For Office,Rs.,217, -82%,0
Multifunction Smart Watch For Men Women Kids Message Remind Music Control Sport Step Calories D13 Smartwatch Alarm Clock 116Plus,Rs.,587, -65%,0
180G Capacity Portable Milk Powder Formula Dispenser Food Container Storage Feeding Boxes for Baby Kids Toddler Grid Baby Food Storage Box,Rs.,825, -34%,0
Womenâ€™s Luxury Full Of Diamond High Quality Alloy Jewelry Watch Exquisite Fashion Creative Fringe Sliver Strap Quartz Wristwatch,Rs.,"1,342", -59%,0
WANTER 13 Pcs Makeup Brush Set Soft hair Loose Powder Eyeshadow Concealer Contour Eyeliner brush Foundation Beauty Cosmetic tools,Rs.,445, -44%,0
"Premium Quality pocket friendly Slim and Smart & Classy Wallet and card holder purse for Men & Boys,",Rs.,280, -49%,0
Lenuo For Infinix Note 40 Note 40 Pro Note 30 Sheepskin Leather Shockproof Case Luxury Matte Back Cover,Rs.,739, -24%,0
(AMBALA FITNESS) Rubber dumbell Pair of 1kg 2kg 3kg 4kg 5kg 6kg 8kg 10kg Rubber Coated Dumbbell Fitness Home Gym Home Exercise Dumbell,Rs.,700, -30%,0
2 in1 Mirror Glossy Lipstick Women Girls Non-Fading Long Lasting Transparent Double Headed Lip Gloss Moisturizing Makeup,Rs.,249, -50%,0
Brand Bytes 5 Layer Water Purifier Filter Faucet - Water Tap And Water Clean Purifier Filter,Rs.,249, -50%,0
Pro 4 TWS Wireless Headphones Earphone Bluetooth-compatible 5.3 Waterproof Headset with Mic for Xiaomi iPhone Pro4 Earbuds,Rs.,663, -60%,0
The Vintage clothing pack of 5 multiclolor basic Tshirt For Men,Rs.,"1,599", -20%,0
Printed Water Proof Matress Cover King SIze - Waterproof matress cover for king size bed - Export Quality,Rs.,"1,028",0,0
Original Chia Seeds Organic For Weight Loss 100gm,Rs.,299,0,0
24-in-1 screwdriver set Multifunction Screwdriver Home Appliance Disassembly Tool Precision Screwdriver Combination Set,Rs.,"1,415", -50%,0
"Lotus Shaped Wall Shelf, Modern Wall Mounted Shelf, Wooden Shelf, Corner Shelf, Wall Decoration Items for Toys, Room Decoration Items for Plants, Home Decoration Items for Candles I Decorating Items | Candle Holders | Wall Decor | Trending Wall Decor",Rs.,155, -69%,0
Pack Of 4 Pairs  Ankle Socks For Men Women - Random colors,Rs.,249, -43%,0
i20 Ultra Smart Watch - max suit 7 in 1 set with earbuds  Charging Multi-sport Waterproof Men Women smart watch Revolutionize Your Lifestyle with the i20 Ultra Smart Watch 2.3inch large screen with 7 straps smartwatch call heart rate sleep monitoring,Rs.,"2,910", -45%,0
No. 23 Jersey Air Pod Case Cover For Silicone Wireless Earphone For Airpods 1 2 3 For Airpods Pro 2 Case With Keychain men women,Rs.,341, -75%,0
"Flexible Fan Cleaning Duster for Multi-Purpose Cleaning of Home, Kitchen, Car, Office with Long Rod Flexible Micro Fiber Duster With Telescopic Stainless Steel Handle",Rs.,499, -17%,0
M10 Airpods TWS (True Wireless Stereo) Airbuds Bluetooth Earbuds Dual Earphones Headset (Connect With All Bluetooth Devices).,Rs.,832, -79%,0
Black Hand With Cup Printed summer  Half Sleeves O Neck Shorts & Tshirt Tracksuit For Men & Boys,Rs.,799, -60%,0
Original Pro6 TWS Touch Control Wireless Headphone Bluetooth 5.0 Earphones Sport Earbuds Music Headset For Iphone Xiaomi phones,Rs.,"1,137", -67%,0
Beast Fitness Rubber Coated  Exercise Dumbbell ( Single Dumbbell Add to Cart Quantity 2 For Pair),Rs.,699, -50%,0
(Buy 1 Get 1 Free) L29 Handsfree High Bass Good Quality Good Sound.,Rs.,222, -75%,0
Zushaam-New fashion Handbag For Girls cross shoulder women ladies purse ||  Made of high-quality and durable leather material || Women Leather Handbags 2024 Luxury Ladies Hand Bags Purse Fashion Shoulder Bags,Rs.,850, -43%,0
Automatic Soap Dispenser Bottle for Detergent Liquid Kitchen Dish Soap Dispenser Kitchen Sponge Dispenser Manual Soap Pump 380ml,Rs.,"1,532", -50%,0
Zippered Waterproof Mattress Protector | Bed Bug Proof - 100% All Sides Waterproof Mattress Cover | All Sizes Available - 360 Degree Waterproof Safety | Choose Size,Rs.,"1,449", -42%,0
Lighter Ring for Men Women Vintage Punk Jewelry Gold/Silver Color Hip Hop Rings Jessica,Rs.,352, -50%,0
UPTOWN LA  4 IN 1 Whitening Face wash For Oily | Dry | All Skin Types,Rs.,246, -51%,0
5pcs/Set Men's Casual Simplicity Scale Quartz Watch and Classic Bracelet Ideal for Set Gifts,Rs.,"1,466", -50%,0
2024 New 3D Fresh Green Plant Removable Green Grass PVC Wall Stickers Home Decor Kids Room Bathroom Mural waterproof DIY Removable Art Vinyl Size 40 x 136 CM,Rs.,449, -36%,0
Baby Play Mat with Hanging Rattles For kids / Indoor Games Baby / Baby Play gym Mat,Rs.,"1,249", -58%,0
Butterfly Moms Nursing Pads 30 Pcs,Rs.,736, -8%,0
AIRAJ Wrench High Carbon Steel Multi Functional Adjustable Self Locking Ratchet Open End Wrench Manual Repair Tool,Rs.,"2,914", -50%,0
Men Long Wallet PU Leather Slim Wallet Long Clutch Leather Wallet Long Business Male Wallet Coin Purse Men Purse Pouch with Card Holder for Men,Rs.,599, -68%,0
Original Wireless Selfie Stick Tripod R1S (70CM WITH LIGHT) R1 (70CM NO LIGHT) JC16H(110CM WITH LIGHT) JC16 (110CM NO LIGHT)Tripod Bluetooth Shutter foldable Selfie stick for all Phone Extendable Foldable With charging Cable Detachable Bluetooth Shutter,Rs.,723, -40%,0
1 Pair Vampire Teeth Fangs Dentures Props Halloween Party Costume DIY Cosplay Props Decoration False Teeth Decor,Rs.,367, -80%,0
IKIGAI: The Japanese Secret to a Long Happy Life,Rs.,169,0,0
M10 Air buds Wireless Bluetooth EarBuds Stereo Earphones with Power bank Bluetooth Ear phone Ear Buds Airdots Premium Quality For All Smart Phones,Rs.,719, -76%,0
"Facial Hair Removal for Women Face, Flawless Touch Hair Remover, 2 in 1 Trimmer, Rechargeable Eyebrow Epilator Razor Shaver for Peach Fuzz, Lips, Chin, Arms with LED Light Electric",Rs.,740, -26%,0
Keratin Hair Treatment Mask 500g,Rs.,320, -68%,0
Laptop Inner Liner 11 Inch 12 Inch 13 Inch 14 Inch 15 Inch 17 Inch Laptop Bag,Rs.,"1,733", -50%,0
The boys printed tshirt+trouser tracksuit for men&boys-black,Rs.,799, -53%,0
UPTOWN LA PORE REFINING Serum with lactobionic acid and Niacinamide For shrinking pores For all skin types 30 ML,Rs.,219, -56%,0
RGB LED Submersible Light Waterproof Underwater Lamp Swimming Pool Lighting Outdoor Garden Decoration Pond Wedding Party Vase,Rs.,"1,004", -75%,0
Sunisa 3 In 1 Air Cushion Cc And Bb Cream Waterproof Foundation Cream,Rs.,589, -26%,0
1 pc Bear Matte Lip Gloss Key Chain Style Trendy Lip Gloss Make UP Your Lips For Girls &  Women MOC153,Rs.,249, -38%,0
Enacolor New 2024 Fashion Box Chain UV Protective Frame Sunglasses,Rs.,465, -50%,0
Children's toy Sports car home decoration 1:36 simulation alloy sports car return car sports car decoration alloy decoration,Rs.,938, -75%,0
Korein style 4 piece bag for Girls school and collage bags for girls,Rs.,"1,999",0,0
Meclay London Thick & Dense Shampoo 185ML,Rs.,350, -15%,0
240pcs / 10 Sheets Fake Nails Nail Jelly Glue Double Sided False Nail Art Adhesive Tape Glue Sticker Fake Nail Glue Super Viscous Artificial Nails Glue,Rs.,279, -44%,0
1pc Silicone Mobile Phone Back Card Holder Wallet Stick On Adhesive Cash ID Soft Adhesive Phone Card Holder Mobile Accessories,Rs.,324, -80%,0
MAK & MOK Girls Shoulder Bags Long Crossbody Style Ladies Phone Pouch Casual Mobile Phone Wallets Fashion Shoulder Bag Water Resistant Bag,Rs.,640, -36%,0
Rosemary Leaves / Leaf Organic 50 Gram + Free Comb Bottle,Rs.,299,0,0
luxury small round dial women quartz steel wrist watch,Rs.,905, -75%,0
Organic Chia Seeds Weight Loss 100Gm,Rs.,185, -38%,0
SPIDER BOTTLE Gym Shaker/Water Bottles for Gym PROTEIN & MULTI PURPOSE SHAKER  Bottle 500ml,Rs.,399, -60%,0
Solid Silicone Phone Case for IPhone 11 12 13 14 15 Pro Max 7 8 Plus Se 2020 XS Max XS XR Covers Shockproof Phone Casing Shell,Rs.,199, -60%,0
5PCS Set Fashion Mens Sports Watches Man Business Quartz Wristwatch Luxury Leather Bracelet Men Casual Clock Watch,Rs.,681, -60%,0
Focallure - Pinkflash Moisturizing Lip Gloss,Rs.,395, -25%,0
OLEVS Original Diamond Dial Quartz Watch for Women Fashion Elegant Ladies Watches Stainless Steel Waterproof Women's Wristwatch,Rs.,"3,235", -63%,0
